source,company,title,location,url,updated_at
greenhouse,stripe,"Data Analyst, Intern (Master's degree)","Toronto, Ontario, Canada",https://stripe.com/jobs/search?gh_jid=7285986,2026-02-17T17:23:46-05:00
greenhouse,stripe,Internal Audit - Data Analytics,"Bengaluru, Singapore",https://stripe.com/jobs/search?gh_jid=7493138,2026-02-17T17:24:00-05:00
greenhouse,stripe,"PhD Data Scientist, Intern","Toronto, Ontario, Canada",https://stripe.com/jobs/search?gh_jid=7285974,2026-02-17T17:23:46-05:00
greenhouse,stripe,"PhD Machine Learning Engineer, Intern","San Francisco, New York City, Seattle",https://stripe.com/jobs/search?gh_jid=7216664,2026-02-17T17:23:43-05:00
greenhouse,stripe,"Software Engineer, Intern",Toronto,https://stripe.com/jobs/search?gh_jid=7206389,2026-02-17T17:23:42-05:00
greenhouse,stripe,"Software Engineer, Intern",Dublin,https://stripe.com/jobs/search?gh_jid=7206494,2026-02-17T17:23:43-05:00
greenhouse,stripe,"Software Engineer, Intern",Singapore,https://stripe.com/jobs/search?gh_jid=7206401,2026-02-17T17:23:42-05:00
greenhouse,stripe,"Software Engineer, Intern",London,https://stripe.com/jobs/search?gh_jid=7360840,2026-02-17T17:23:50-05:00
greenhouse,stripe,"Software Engineer, Internal Systems","Seattle, San Francisco, New York City ",https://stripe.com/jobs/search?gh_jid=7009186,2026-02-17T17:23:39-05:00
greenhouse,stripe,"Software Engineer, Internal Systems","Bengaluru, India",https://stripe.com/jobs/search?gh_jid=7543868,2026-02-17T17:24:04-05:00
greenhouse,stripe,"Software Engineer, Intern (Summer)","San Francisco, Seattle, New York City",https://stripe.com/jobs/search?gh_jid=7210115,2026-02-17T17:23:43-05:00
greenhouse,stripe,"Technical Program Manager, Internal Systems",US Remote,https://stripe.com/jobs/search?gh_jid=7589234,2026-02-17T17:23:45-05:00
greenhouse,dropbox,AI Solutions Intern (Summer 2026),Remote - Ireland,https://jobs.dropbox.com/listing/7460106?gh_jid=7460106,2026-02-13T09:40:30-05:00
greenhouse,dropbox,Data Science Engineer Intern (Summer 2026),Remote - US: All locations,https://jobs.dropbox.com/listing/7527941?gh_jid=7527941,2026-02-13T09:40:30-05:00
greenhouse,dropbox,Data Science Intern (Summer 2026),Remote - US: All locations,https://jobs.dropbox.com/listing/7527921?gh_jid=7527921,2026-02-13T09:40:30-05:00
greenhouse,dropbox,PhD Machine Learning Intern (Summer 2026),Remote - US: All locations,https://jobs.dropbox.com/listing/7368677?gh_jid=7368677,2026-02-13T09:40:30-05:00
greenhouse,dropbox,PhD Systems & AI/ML Research Intern (Summer 2026),Remote - US: All locations,https://jobs.dropbox.com/listing/7462813?gh_jid=7462813,2026-02-13T09:40:30-05:00
greenhouse,dropbox,Software Engineer Intern (Summer 2026),Remote - Poland,https://jobs.dropbox.com/listing/7362887?gh_jid=7362887,2026-02-13T09:40:30-05:00
greenhouse,dropbox,Support Enablement Engineer Intern  (Summer 2026),Remote - US: All locations,https://jobs.dropbox.com/listing/7531477?gh_jid=7531477,2026-02-13T09:40:30-05:00
greenhouse,dropbox,Support Enablement Engineer Intern  (Summer 2026),Remote - Canada: Select locations,https://jobs.dropbox.com/listing/7531481?gh_jid=7531481,2026-02-13T09:40:30-05:00
greenhouse,coinbase,Machine Learning Engineer Intern,"Hybrid - San Francisco, CA",https://www.coinbase.com/careers/positions/7294075?gh_jid=7294075,2026-02-17T11:38:45-05:00
greenhouse,coinbase,Product Design Intern,"Hybrid - San Francisco, CA",https://www.coinbase.com/careers/positions/7325051?gh_jid=7325051,2026-02-17T11:38:45-05:00
greenhouse,coinbase,"Senior Software Engineer, Backend (Consumer - International) ",Remote - Canada,https://www.coinbase.com/careers/positions/6693037?gh_jid=6693037,2026-02-17T11:38:45-05:00
greenhouse,coinbase,"Software Engineer, Backend (Consumer - International)",Remote - Brazil,https://www.coinbase.com/careers/positions/7583999?gh_jid=7583999,2026-02-17T11:38:45-05:00
greenhouse,coinbase,Software Engineer Intern,"Hybrid - San Francisco, CA",https://www.coinbase.com/careers/positions/7268895?gh_jid=7268895,2026-02-17T11:38:45-05:00
greenhouse,coinbase,"Staff Software Engineer, Backend (Consumer - International)",Remote - Canada,https://www.coinbase.com/careers/positions/7589139?gh_jid=7589139,2026-02-17T11:38:45-05:00
greenhouse,coinbase,"Staff Software Engineer, Backend (Consumer - International)",Remote - Brazil,https://www.coinbase.com/careers/positions/6377946?gh_jid=6377946,2026-02-17T11:38:45-05:00
greenhouse,datadog,Technical Escalations Engineer 3 (Internal Developer Portal) - US-East,"Boston, Massachusetts, USA; New York, New York, USA",https://careers.datadoghq.com/detail/7536159/?gh_jid=7536159,2026-01-21T07:22:34-05:00
greenhouse,cloudflare,AI Automation Intern (M&A Integration Ops) (Summer 2026),In-Office,https://boards.greenhouse.io/cloudflare/jobs/7589903?gh_jid=7589903,2026-02-10T20:51:27-05:00
greenhouse,cloudflare,Data Engineer Intern (Summer 2026),In-Office,https://boards.greenhouse.io/cloudflare/jobs/7374706?gh_jid=7374706,2026-02-06T10:04:45-05:00
greenhouse,cloudflare,Infrastructure Strategy & Analytics Intern (Summer 2026),In-Office,https://boards.greenhouse.io/cloudflare/jobs/7543416?gh_jid=7543416,2026-02-10T16:51:10-05:00
greenhouse,cloudflare,Internal Audit Data Science & Analytics Lead,Hybrid,https://boards.greenhouse.io/cloudflare/jobs/7337659?gh_jid=7337659,2026-02-10T10:46:40-05:00
greenhouse,cloudflare,Internal Audit Data Science Engineer,Hybrid,https://boards.greenhouse.io/cloudflare/jobs/7376063?gh_jid=7376063,2026-02-06T10:04:45-05:00
greenhouse,cloudflare,People Team Intern - HR Operations & AI Innovation (Summer 2026),In-Office,https://boards.greenhouse.io/cloudflare/jobs/7606240?gh_jid=7606240,2026-02-11T14:54:36-05:00
greenhouse,cloudflare,Product Design Intern (Summer 2026),In-Office,https://boards.greenhouse.io/cloudflare/jobs/7492740?gh_jid=7492740,2026-02-06T10:04:45-05:00
greenhouse,cloudflare,Product Design Intern (Summer 2026),In-Office,https://boards.greenhouse.io/cloudflare/jobs/7488659?gh_jid=7488659,2026-02-06T10:04:45-05:00
greenhouse,cloudflare,Product Design Intern (Summer 2026),In-Office,https://boards.greenhouse.io/cloudflare/jobs/7494477?gh_jid=7494477,2026-02-06T10:04:45-05:00
greenhouse,cloudflare,Research Engineer Intern (Summer 2026),In-Office,https://boards.greenhouse.io/cloudflare/jobs/7359136?gh_jid=7359136,2026-02-06T10:04:45-05:00
greenhouse,cloudflare,Research Engineer Intern (Summer 2026),In-Office,https://boards.greenhouse.io/cloudflare/jobs/7358525?gh_jid=7358525,2026-02-06T10:04:45-05:00
greenhouse,cloudflare,Research Engineer Intern (Summer 2026),In-Office,https://boards.greenhouse.io/cloudflare/jobs/7359147?gh_jid=7359147,2026-02-06T10:04:45-05:00
greenhouse,cloudflare,Security Engineer Intern (Summer 2026),In-Office,https://boards.greenhouse.io/cloudflare/jobs/7582150?gh_jid=7582150,2026-02-06T10:04:45-05:00
greenhouse,cloudflare,Security Engineer Intern (Summer 2026),In-Office,https://boards.greenhouse.io/cloudflare/jobs/7582157?gh_jid=7582157,2026-02-06T10:04:45-05:00
greenhouse,cloudflare,Security Engineer Intern (Summer 2026),In-Office,https://boards.greenhouse.io/cloudflare/jobs/7582169?gh_jid=7582169,2026-02-06T10:04:45-05:00
greenhouse,cloudflare,Software Engineer Intern (Summer 2026),In-Office,https://boards.greenhouse.io/cloudflare/jobs/7296923?gh_jid=7296923,2026-02-06T10:04:45-05:00
greenhouse,cloudflare,Software Engineer Intern (Summer 2026),In-Office,https://boards.greenhouse.io/cloudflare/jobs/7296929?gh_jid=7296929,2026-02-06T10:04:45-05:00
greenhouse,cloudflare,"Software Engineer Intern (Summer 2026) - Austin, TX",In-Office,https://boards.greenhouse.io/cloudflare/jobs/7206269?gh_jid=7206269,2026-02-06T10:04:45-05:00
greenhouse,figma,"Manager, Software Engineering - Internal Tools","San Francisco, CA • New York, NY • United States",https://boards.greenhouse.io/figma/jobs/5792689004?gh_jid=5792689004,2026-02-05T15:19:57-05:00
greenhouse,figma,"Software Engineer Intern, Developer Tools (2026) (London, United Kingdom)","London, England",https://boards.greenhouse.io/figma/jobs/5621177004?gh_jid=5621177004,2025-11-19T09:05:50-05:00
greenhouse,twilio,Software Engineer Intern - Canada,Remote - Canada,https://job-boards.greenhouse.io/twilio/jobs/7560248,2026-02-17T11:07:07-05:00
greenhouse,twilio,"Software Engineer Intern (June start, Remote-Estonia)",Remote - Estonia,https://job-boards.greenhouse.io/twilio/jobs/7585653,2026-02-17T11:07:08-05:00
greenhouse,twilio,"Software Engineer Intern (June start, Remote-Ireland)",Remote - Ireland,https://job-boards.greenhouse.io/twilio/jobs/7585589,2026-02-17T11:07:08-05:00
greenhouse,twilio,Software Engineer Intern - United States,Remote - US,https://job-boards.greenhouse.io/twilio/jobs/7560246,2026-02-17T11:07:07-05:00
greenhouse,elastic,"Principal Software Developer I / II - Query Engine, Database Internals - Elasticsearch",Canada,https://jobs.elastic.co/jobs?gh_jid=7591579&gh_jid=7591579,2026-02-17T15:46:19-05:00
greenhouse,elastic,"Principal Software Engineer I / II - Query Engine, Database Internals - Elasticsearch",United States,https://jobs.elastic.co/jobs?gh_jid=7565180&gh_jid=7565180,2026-02-17T15:46:19-05:00
greenhouse,elastic,"Principal Software Engineer II - Search Internals, Lucene - Elasticsearch","London, United Kingdom",https://jobs.elastic.co/jobs?gh_jid=7051986&gh_jid=7051986,2026-02-17T15:46:19-05:00
greenhouse,elastic,"Senior Software Developer - Query Engine, Database Internals - Elasticsearch",Canada,https://jobs.elastic.co/jobs?gh_jid=7591373&gh_jid=7591373,2026-02-17T15:46:19-05:00
greenhouse,elastic,"Senior Software Engineer - Query Engine, Database Internals - Elasticsearch",United States,https://jobs.elastic.co/jobs?gh_jid=7574112&gh_jid=7574112,2026-02-17T15:46:19-05:00
greenhouse,mongodb,"2026 - GTM Engineering Intern, Palo Alto",Palo Alto,https://www.mongodb.com/careers/job/?gh_jid=7335935,2026-02-11T10:54:24-05:00
greenhouse,mongodb,"2026 - Information Security Engineering Intern, Seattle",Seattle,https://www.mongodb.com/careers/job/?gh_jid=7292751,2026-02-11T10:54:24-05:00
greenhouse,mongodb,"2026 - Internal AI Product Management Intern, Palo Alto",Palo Alto,https://www.mongodb.com/careers/job/?gh_jid=7336095,2026-02-11T10:54:24-05:00
greenhouse,mongodb,"2026 - Software Engineering Intern, Dublin",Dublin,https://www.mongodb.com/careers/job/?gh_jid=6918894,2026-02-11T11:24:33-05:00
greenhouse,mongodb,"Director, Internal Audit & Controls Transformation",Austin,https://www.mongodb.com/careers/job/?gh_jid=7387191,2026-02-11T10:54:24-05:00
greenhouse,mongodb,"Lead Engineer, Internal Engineering",Gurugram,https://www.mongodb.com/careers/job/?gh_jid=7541875,2026-02-17T09:30:16-05:00
greenhouse,mongodb,"Product Manager 3, Internal AI",Palo Alto; San Francisco,https://www.mongodb.com/careers/job/?gh_jid=7276451,2026-02-11T10:54:24-05:00
greenhouse,mongodb,"Senior Engineer, Internal Engineering",Gurugram,https://www.mongodb.com/careers/job/?gh_jid=7557673,2026-02-11T10:54:24-05:00
greenhouse,mongodb,"Software Engineer 3, Internal Engineering",Gurugram,https://www.mongodb.com/careers/job/?gh_jid=7543827,2026-02-11T10:54:24-05:00
greenhouse,fastly,"Software Engineer, Summer Undergraduate Intern","San Francisco, CA",https://www.fastly.com/about/jobs/apply?gh_jid=7512114,2026-02-17T15:54:01-05:00
greenhouse,databricks,PhD GenAI Research Scientist Intern,"San Francisco, California",https://databricks.com/company/careers/open-positions/job?gh_jid=7011263002,2026-01-30T11:02:39-05:00
greenhouse,databricks,Senior Software Engineer - Database Engine Internals,"San Francisco, California",https://databricks.com/company/careers/open-positions/job?gh_jid=5048461002,2026-01-30T11:02:28-05:00
greenhouse,databricks,Senior Software Engineer - Database Engine Internals,"Mountain View, California",https://databricks.com/company/careers/open-positions/job?gh_jid=6544383002,2026-01-30T11:02:28-05:00
greenhouse,databricks,Senior Software Engineer - Database Engine Internals,"Belgrade, Serbia",https://databricks.com/company/careers/open-positions/job?gh_jid=8012809002,2026-01-30T11:02:56-05:00
greenhouse,databricks,Software Engineer - Database Engine Internals,"Belgrade, Serbia",https://databricks.com/company/careers/open-positions/job?gh_jid=8012658002,2026-01-30T11:02:56-05:00
greenhouse,databricks,Software Engineering Intern (2026),"Belgrade, Serbia",https://databricks.com/company/careers/open-positions/job?gh_jid=7640764002,2026-01-30T11:02:45-05:00
greenhouse,databricks, Staff Software Engineer - Database Engine Internals,"Mountain View, California",https://databricks.com/company/careers/open-positions/job?gh_jid=6544386002,2026-01-30T11:02:30-05:00
greenhouse,databricks,Staff Software Engineer - Database Engine Internals,"Belgrade, Serbia",https://databricks.com/company/careers/open-positions/job?gh_jid=8012818002,2026-01-30T11:02:56-05:00
greenhouse,databricks,Staff Software Engineer - Database Engine Internals,"San Francisco, California",https://databricks.com/company/careers/open-positions/job?gh_jid=5646866002,2026-01-30T11:02:30-05:00
greenhouse,okta,Business Systems Analyst Intern (Summer 2026),"San Francisco, California",https://www.okta.com/company/careers/opportunity/7555538?gh_jid=7555538,2026-02-17T21:20:03-05:00
greenhouse,okta,Paid Media Intern (Summer 2026),"Chicago, Illinois; San Francisco, California",https://www.okta.com/company/careers/opportunity/7607650?gh_jid=7607650,2026-02-11T15:21:43-05:00
greenhouse,launchdarkly,Fullstack Software Engineer Intern,"Oakland, California, United States",https://job-boards.greenhouse.io/launchdarkly/jobs/7632240003,2026-02-13T18:02:03-05:00
greenhouse,asana,Product Design Intern - Summer 2026 (New York),New York City,https://www.asana.com/jobs/apply/7490328?gh_jid=7490328,2026-02-13T16:03:23-05:00
greenhouse,asana,Product Design Intern - Summer 2026 (San Francisco),San Francisco,https://www.asana.com/jobs/apply/7490322?gh_jid=7490322,2026-02-13T16:03:23-05:00
greenhouse,asana,"Product Design Intern - Summer 2026 (Vancouver, BC)","Vancouver, BC",https://www.asana.com/jobs/apply/7078126?gh_jid=7078126,2026-02-13T16:03:16-05:00
greenhouse,asana,Product Design Intern - Summer 2026 (Warsaw),Warsaw,https://www.asana.com/jobs/apply/7490332?gh_jid=7490332,2026-02-13T16:03:23-05:00
greenhouse,asana,Software Engineering Intern - Summer 2026 (Reykjavik),Reykjavík,https://www.asana.com/jobs/apply/7490314?gh_jid=7490314,2026-02-13T16:03:23-05:00
greenhouse,asana,Software Engineering Intern - Summer 2026 (Warsaw),Warsaw,https://www.asana.com/jobs/apply/7490274?gh_jid=7490274,2026-02-13T16:03:23-05:00
greenhouse,chime,"Product Manager, Internal AI","San Francisco, CA; New York, NY; Chicago, IL",https://boards.greenhouse.io/chime/jobs/8332735002?gh_jid=8332735002,2026-02-11T18:00:03-05:00
greenhouse,affirm,"Senior Software Engineer, Fullstack (Servicing International)",Remote Spain,https://job-boards.greenhouse.io/affirm/jobs/7118739003,2026-02-11T07:01:13-05:00
greenhouse,affirm,"Senior Software Engineer, Fullstack (Servicing International)",Remote Poland,https://job-boards.greenhouse.io/affirm/jobs/7118737003,2026-02-11T07:01:13-05:00
greenhouse,affirm,Software Engineering Intern - Summer 2026,"San Francisco, California, United States",https://job-boards.greenhouse.io/affirm/jobs/7528020003,2026-01-21T13:32:26-05:00
greenhouse,block,Embedded/Firmware Engineer Intern (Summer 2026),"Toronto, Ontario , Canada",http://block.xyz/careers/jobs/5083066008?gh_jid=5083066008,2026-02-12T18:08:37-05:00
greenhouse,block,Embedded/Firmware Engineer Intern (Summer 2026),"Bay Area, CA, United States of America",http://block.xyz/careers/jobs/5083064008?gh_jid=5083064008,2026-02-12T18:08:37-05:00
greenhouse,block,Mobile Software Engineer Intern (Summer 2026),"Toronto, Ontario , Canada",http://block.xyz/careers/jobs/5083063008?gh_jid=5083063008,2026-02-12T18:08:37-05:00
greenhouse,block,Mobile Software Engineer Intern (Summer 2026),"Bay Area, CA, United States of America",http://block.xyz/careers/jobs/5083061008?gh_jid=5083061008,2026-02-12T18:08:37-05:00
lever,palantir,"Forward Deployed Software Engineer, Internship - UK Government","London, United Kingdom",https://jobs.lever.co/palantir/26e23f5d-083b-45aa-b223-1a6e43d960bf/apply,
lever,palantir,"Forward Deployed Software Engineer, Internship - US Government","Honolulu, HI",https://jobs.lever.co/palantir/315f695d-04d1-4a9a-848e-cb2bec7a997e/apply,
lever,palantir,"Product Designer, Internship - US Government","New York, NY",https://jobs.lever.co/palantir/8f7bbffa-92aa-4d25-9586-943b3322a27d/apply,
lever,palantir,"Product Designer, Internship - US Government","Washington, D.C.",https://jobs.lever.co/palantir/fa060d94-f85d-4d02-be58-b81787fe57e5/apply,
lever,palantir,"Software Engineer, Internship","Seattle, WA",https://jobs.lever.co/palantir/2fb19022-bb65-4af8-b6fa-31beb345c140/apply,
lever,palantir,"Software Engineer, Internship","Denver, CO",https://jobs.lever.co/palantir/373eb939-6f57-4836-8479-be79a5e07249/apply,
lever,palantir,"Software Engineer, Internship","London, United Kingdom",https://jobs.lever.co/palantir/76a60923-bb49-40f5-b061-7c7eb1299602/apply,
lever,palantir,"Software Engineer, Internship","New York, NY",https://jobs.lever.co/palantir/7d69cf8a-06fd-4f05-bd84-27149db29c4d/apply,
lever,palantir,"Software Engineer, Internship","Washington, D.C.",https://jobs.lever.co/palantir/bdcfb29f-4f27-42de-933f-7f83a359b9f0/apply,
lever,palantir,"Software Engineer, Internship","Palo Alto, CA",https://jobs.lever.co/palantir/e27af7ab-41fc-40c9-b31d-02c6cb1c505c/apply,
lever,palantir,"Software Engineer, Internship - Defense Tech","New York, NY",https://jobs.lever.co/palantir/8bcf4f33-0a79-4248-bbfd-49ac4be9dd8e/apply,
lever,palantir,"Software Engineer, Internship - Defense Tech","Palo Alto, CA",https://jobs.lever.co/palantir/a483f41b-0da9-42ea-8ed6-cbf6eb93cc6d/apply,
lever,palantir,"Software Engineer, Internship - Defense Tech","Washington, D.C.",https://jobs.lever.co/palantir/f17e98d0-046a-4e6e-9d65-ed0b12dd0ff7/apply,
lever,palantir,"Software Engineer, Internship - Infrastructure","New York, NY",https://jobs.lever.co/palantir/b229baac-494b-4a0d-9a13-2e38806e06f3/apply,
lever,palantir,"Software Engineer, Internship - Infrastructure","Palo Alto, CA",https://jobs.lever.co/palantir/f221738b-e97c-4ce3-a12a-17ada2b855e4/apply,
lever,palantir,"Software Engineer, Internship - Infrastructure","London, United Kingdom",https://jobs.lever.co/palantir/fd3603a9-7016-45c6-9c8d-04c9279ab85e/apply,
lever,palantir,"Software Engineer, Internship - Production Infrastructure","Seattle, WA",https://jobs.lever.co/palantir/373367a9-3160-49d8-b7af-2efec062fad1/apply,
lever,palantir,"Software Engineer, Internship - Production Infrastructure","New York, NY",https://jobs.lever.co/palantir/37964982-9b4c-471e-a1d8-fb8f45d7f116/apply,
lever,palantir,"Software Engineer, Internship - Production Infrastructure","Washington, D.C.",https://jobs.lever.co/palantir/3ab9e715-1ea9-4c6c-ad50-7340eac14e86/apply,
lever,palantir,"Software Engineer, Internship - Production Infrastructure","London, United Kingdom",https://jobs.lever.co/palantir/bc5c4098-07d5-49ed-a398-a27e6191aa30/apply,
greenhouse,scaleai,"Applied AI Engineer, International Public Sector","Doha, Qatar; London, UK",https://job-boards.greenhouse.io/scaleai/jobs/4413992005,2026-02-12T18:47:24-05:00
greenhouse,scaleai,"Engineering Manager, International Public Sector","London, UK",https://job-boards.greenhouse.io/scaleai/jobs/4595555005,2026-02-12T18:47:24-05:00
greenhouse,scaleai,"Machine Learning Engineer, International Public Sector","Doha, Qatar; London, UK",https://job-boards.greenhouse.io/scaleai/jobs/4413274005,2026-02-17T10:34:17-05:00
greenhouse,scaleai,Machine Learning Research Intern (Summer 2026),"San Francisco, CA",https://job-boards.greenhouse.io/scaleai/jobs/4606060005,2026-02-12T18:47:24-05:00
greenhouse,scaleai,"Product Designer, International Public Sector",Middle East,https://job-boards.greenhouse.io/scaleai/jobs/4565768005,2026-02-12T18:53:26-05:00
greenhouse,scaleai,"Product Designer, International Public Sector",United Kingdom,https://job-boards.greenhouse.io/scaleai/jobs/4565769005,2026-02-12T18:53:26-05:00
greenhouse,scaleai,"Product Manager of AI Applications, International Public Sector","Riyadh, Saudi Arabia",https://job-boards.greenhouse.io/scaleai/jobs/4650514005,2026-02-12T18:50:53-05:00
greenhouse,scaleai,"Product Manager of AI Applications, International Public Sector","Doha, Qatar ; Dubai, UAE",https://job-boards.greenhouse.io/scaleai/jobs/4589749005,2026-02-12T18:51:18-05:00
greenhouse,scaleai,Senior Software Engineer - Internal Tools & Productivity,"San Francisco, CA",https://job-boards.greenhouse.io/scaleai/jobs/4654897005,2026-02-12T18:47:24-05:00
greenhouse,scaleai,Software Engineering Intern (Summer 2026) ,"San Francisco, CA",https://job-boards.greenhouse.io/scaleai/jobs/4606014005,2026-02-12T18:47:24-05:00
greenhouse,scaleai,"Software Engineer (Product), International Public Sector","Doha, Qatar; London, UK",https://job-boards.greenhouse.io/scaleai/jobs/4520284005,2026-02-12T18:47:24-05:00
greenhouse,scaleai,Technical Advisor Intern - GenAI (Winter/Spring 2026),"San Francisco, CA",https://job-boards.greenhouse.io/scaleai/jobs/4611533005,2026-02-12T18:47:24-05:00
greenhouse,nuro,Embedded Software Engineer Intern,"Mountain View, California (HQ)",https://nuro.ai/careersitem?gh_jid=7532060,2026-02-10T13:24:34-05:00
greenhouse,nuro,"Machine Learning intern, Behavior Planning","Mountain View, California (HQ)",https://nuro.ai/careersitem?gh_jid=7309261,2026-02-10T13:24:34-05:00
greenhouse,nuro,"Software Engineer, AI Platform - Intern","Mountain View, California (HQ)",https://nuro.ai/careersitem?gh_jid=7351061,2026-02-10T13:24:34-05:00
greenhouse,nuro,"Software Engineer Intern, Pose (Vehicle State Estimation)","Mountain View, California (HQ)",https://nuro.ai/careersitem?gh_jid=7545444,2026-02-10T13:24:34-05:00
greenhouse,nuro,"Software Engineer, ML Infrastructure - Internship","Mountain View, California (HQ)",https://nuro.ai/careersitem?gh_jid=7366266,2026-02-10T13:24:34-05:00
greenhouse,nuro,"Systems Engineering Intern, Compliance Coverage ML","Mountain View, California (HQ)",https://nuro.ai/careersitem?gh_jid=7562197,2026-02-10T13:24:34-05:00
greenhouse,nuro,Systems Test Engineering Intern,"Mountain View, California (HQ)",https://nuro.ai/careersitem?gh_jid=7587180,2026-02-10T13:24:34-05:00
lever,waabi,"Electrical Engineer Internship/Co-op, Summer 2026","San Francisco, CA",https://jobs.lever.co/waabi/82193dbf-ef8b-465d-b807-2fda0a9be88d/apply,
lever,waabi,"Systems Engineer Internship/Co-op, Summer 2026","Toronto, ON",https://jobs.lever.co/waabi/9873fd9d-285f-4bf5-ac74-f69547615bc9/apply,
greenhouse,agilityrobotics,"Staff Software Engineer, Internal Services",Remote,https://www.agilityrobotics.com/about/job-post?gh_jid=5710397004,2026-02-10T12:06:50-05:00
greenhouse,flyzipline,Controls & Dynamics Intern (Summer 2026),"South San Francisco, California, USA",https://www.flyzipline.com/careers/open-roles?gh_jid=7549492003,2026-02-04T08:07:45-05:00
greenhouse,flyzipline,DevOps Engineer Intern (Summer 2026),"South San Francisco, California, USA",https://www.flyzipline.com/careers/open-roles?gh_jid=7561790003,2026-02-04T08:07:45-05:00
greenhouse,flyzipline,Electrical Engineering Intern (Summer 2026),"South San Francisco, California, USA",https://www.flyzipline.com/careers/open-roles?gh_jid=7549505003,2026-02-04T08:07:45-05:00
greenhouse,flyzipline,Electrical Project Engineering Intern (Summer 2026),"South San Francisco, California, USA",https://www.flyzipline.com/careers/open-roles?gh_jid=7549490003,2026-02-04T08:07:45-05:00
greenhouse,flyzipline,Embedded Engineering Intern (Summer 2026),"South San Francisco, California, USA",https://www.flyzipline.com/careers/open-roles?gh_jid=7549488003,2026-02-04T08:07:45-05:00
greenhouse,flyzipline,Join Our Fall 2026 Internships Mailing List!,"South San Francisco, California, USA",https://www.flyzipline.com/careers/open-roles?gh_jid=7603255003,2026-02-04T08:07:45-05:00
greenhouse,flyzipline,Mechanical Engineering Intern (Summer 2026),"South San Francisco, California, USA",https://www.flyzipline.com/careers/open-roles?gh_jid=7549493003,2026-02-04T08:07:45-05:00
greenhouse,flyzipline,Quality & Manufacturing Intern (Summer 2026),"South San Francisco, California, USA",https://www.flyzipline.com/careers/open-roles?gh_jid=7610537003,2026-02-04T17:06:06-05:00
greenhouse,flyzipline,Software Engineering Intern (Summer 2026),"South San Francisco, California, USA",https://www.flyzipline.com/careers/open-roles?gh_jid=7561784003,2026-02-04T08:07:45-05:00
greenhouse,flyzipline,Software Systems Validation Intern (Summer 2026),"South San Francisco, California, USA",https://www.flyzipline.com/careers/open-roles?gh_jid=7549484003,2026-02-04T08:07:45-05:00
greenhouse,flyzipline,Strategic Operations Intern – Data & Tooling (Summer 2026),"South San Francisco, California, USA",https://www.flyzipline.com/careers/open-roles?gh_jid=7549486003,2026-02-04T08:07:45-05:00
greenhouse,flyzipline,Supplier Industrialization Engineering Intern (Summer 2026),"South San Francisco, California, USA",https://www.flyzipline.com/careers/open-roles?gh_jid=7549483003,2026-02-04T08:07:45-05:00
greenhouse,flyzipline,System Validation & Automation Intern (Summer 2026),"South San Francisco, California, USA",https://www.flyzipline.com/careers/open-roles?gh_jid=7561788003,2026-02-04T08:07:45-05:00
lever,shieldai,Electrical Engineering Fall Co-op (June 2026),"Dallas, Texas",https://jobs.lever.co/shieldai/7b4e2234-fa9a-4945-8a20-0c16d176c702/apply,
greenhouse,lucidmotors,"Intern, Industrial Engineering, Summer 2026","Casa Grande, AZ",https://job-boards.greenhouse.io/lucidmotors/jobs/4953758007,2026-02-17T12:54:44-05:00
greenhouse,lucidmotors,"Intern, Power Electronics Engineer, Summer 2026","Newark, CA",https://job-boards.greenhouse.io/lucidmotors/jobs/4922185007,2026-02-12T03:45:04-05:00
greenhouse,lucidmotors,Retail Marketing Intern,"Amsterdam, North Holland, Netherlands",https://job-boards.greenhouse.io/lucidmotors/jobs/5014363007,2026-02-17T04:02:21-05:00
lever,zoox,Automation & DevOps Tooling Intern,"Foster City, CA",https://jobs.lever.co/zoox/fd2be6ec-162d-4955-802f-fb8d2de8b3c0/apply,
lever,zoox,Core Software Systems Intern,"Foster City, CA",https://jobs.lever.co/zoox/db76eba1-18cb-41f1-ab7e-f4ace0085a68/apply,
lever,zoox,Data Engineer Intern,"Foster City, CA",https://jobs.lever.co/zoox/b9fb6f1d-31db-4a79-b70b-9396bf01b117/apply,
lever,zoox,Data Governance Intern,"Foster City, CA",https://jobs.lever.co/zoox/e63f6b8f-bd1a-4822-9b61-22576c01f64f/apply,
lever,zoox,Data Scientist Intern,"Foster City, CA",https://jobs.lever.co/zoox/ab805ec5-1d08-420c-9606-f91825e6a1f9/apply,
lever,zoox,Database Engineer Intern,"Foster City, CA",https://jobs.lever.co/zoox/c9cbfeeb-450b-47ac-8336-17ee9ab056d4/apply,
lever,zoox,Embedded Software Development Intern,"Foster City, CA",https://jobs.lever.co/zoox/1fcd743b-6bba-4e6e-b926-a164fff73654/apply,
lever,zoox,Hardware Integration and Test Intern,"Foster City, CA",https://jobs.lever.co/zoox/98429957-337e-459f-94b6-fa6acfce82b9/apply,
lever,zoox,"Machine Learning Engineer Intern, Autonomy Behavior","Foster City, CA",https://jobs.lever.co/zoox/74ef6bb8-ec8a-4c6c-8618-544717f40e2d/apply,
lever,zoox,"Machine Learning Engineer Intern, Perception","Foster City, CA",https://jobs.lever.co/zoox/9b3ab3ee-b130-49b6-8413-7d8fd9c33ed3/apply,
lever,zoox,"Machine Learning Engineer Intern, Simulation","Foster City, CA",https://jobs.lever.co/zoox/f24a2d0c-bda7-48ff-9c83-9a96900128b7/apply,
lever,zoox,Mapping Software Intern,"Foster City, CA",https://jobs.lever.co/zoox/f318f39e-c089-4240-b341-ebb021d86b4f/apply,
lever,zoox,Mechanical Engineering Intern,"Foster City, CA",https://jobs.lever.co/zoox/9563a5de-8361-4fd1-946a-be872332ae26/apply,
lever,zoox,Quality Engineering Intern,"Foster City, CA",https://jobs.lever.co/zoox/499ef1a2-6383-4dd6-b94f-63ce8de6c483/apply,
lever,zoox,Reliability Data Intern,"Foster City, CA",https://jobs.lever.co/zoox/447c8d5f-7610-4c94-b2f3-16deac16a5a2/apply,
lever,zoox,"Supply Chain Intern, Indirect Procurement","Foster City, CA",https://jobs.lever.co/zoox/063efd1c-f761-4344-804d-700cc44a94e4/apply,
lever,zoox,System Engineering Intern,"Foster City, CA",https://jobs.lever.co/zoox/eb2f10b7-300a-46f1-bd35-41167c9f7c63/apply,
lever,zoox,"Technical Program Management Intern, AI Tools Development","Foster City, CA",https://jobs.lever.co/zoox/4770d734-9d08-4eae-abb5-6002495ca147/apply,
lever,zoox,"Technical Program Management Intern, Manufacturing Operational Excellence","Foster City, CA",https://jobs.lever.co/zoox/8903e652-08f3-45ef-9b81-aae94f5eb57f/apply,
lever,zoox,Test Automation & QA Systems Intern,"Foster City, CA",https://jobs.lever.co/zoox/3a7c0c4b-4f23-4136-99a9-df64b341a0fd/apply,
greenhouse,aurorainnovation,"Hardware Engineering Intern, LiDar (MS or PhD)","Mountain View, California",https://aurora.tech/jobs/8340326002?gh_jid=8340326002,2026-02-13T19:17:13-05:00
greenhouse,rocketlab,Electrical Engineering Intern Summer 2026,"Long Beach, CA",https://job-boards.greenhouse.io/rocketlab/jobs/7607472003,2026-02-10T21:10:34-05:00
greenhouse,rocketlab,Flight Software Intern Summer 2026,"Long Beach, CA",https://job-boards.greenhouse.io/rocketlab/jobs/7575850003,2026-02-10T21:16:19-05:00
greenhouse,rocketlab,Fluid Systems Intern Summer 2026,"Long Beach, CA",https://job-boards.greenhouse.io/rocketlab/jobs/7455969003,2026-02-13T10:49:43-05:00
greenhouse,rocketlab,Ground Systems Engineering Intern Summer 2026,"Stennis Space Center, MS",https://job-boards.greenhouse.io/rocketlab/jobs/7449663003,2026-02-11T11:32:41-05:00
greenhouse,rocketlab,Manufacturing Engineering Intern Summer 2026,"Middle River, MD",https://job-boards.greenhouse.io/rocketlab/jobs/7212767003,2026-02-10T21:11:20-05:00
greenhouse,rocketlab,Optical Engineering Intern Summer 2026,"Toronto, CAN",https://job-boards.greenhouse.io/rocketlab/jobs/7479228003,2026-02-10T21:12:32-05:00
greenhouse,rocketlab,Quality Engineering Intern Summer 2026,"Long Beach, CA",https://job-boards.greenhouse.io/rocketlab/jobs/7451954003,2026-02-10T21:12:21-05:00
greenhouse,rocketlab,Test Engineering Intern Summer 2026,"Wallops Island, VA",https://job-boards.greenhouse.io/rocketlab/jobs/7217705003,2026-02-18T01:17:21-05:00
greenhouse,astranis,Avionics Engineer Intern (Spring 2026),San Francisco,https://job-boards.greenhouse.io/astranis/jobs/4597416006,2026-02-12T19:31:55-05:00
greenhouse,astranis,CAD Engineer/Librarian Intern (Summer 2026),San Francisco,https://job-boards.greenhouse.io/astranis/jobs/4626432006,2026-02-12T19:31:55-05:00
greenhouse,astranis,Communications/DSP Engineer Intern (Spring 2026),San Francisco,https://job-boards.greenhouse.io/astranis/jobs/4619725006,2026-02-12T19:31:55-05:00
greenhouse,astranis,Environmental Test Engineer Intern (Summer 2026),San Francisco,https://job-boards.greenhouse.io/astranis/jobs/4654109006,2026-02-12T19:31:55-05:00
greenhouse,astranis,Flight Software Intern (Spring 2026),San Francisco,https://job-boards.greenhouse.io/astranis/jobs/4619285006,2026-02-12T19:31:55-05:00
greenhouse,astranis,"Hardware Design Intern, Software Defined Radio Team (Summer 2026)",San Francisco,https://job-boards.greenhouse.io/astranis/jobs/4646558006,2026-02-12T19:31:55-05:00
greenhouse,astranis,Harness Manufacturing Intern (Spring 2026),San Francisco,https://job-boards.greenhouse.io/astranis/jobs/4644678006,2026-02-12T19:31:55-05:00
greenhouse,astranis,Mechanical Engineer Intern (Summer 2026),San Francisco,https://job-boards.greenhouse.io/astranis/jobs/4618033006,2026-02-12T19:31:55-05:00
greenhouse,astranis,Network Planning Sales Engineer Intern (Summer 2026),San Francisco,https://job-boards.greenhouse.io/astranis/jobs/4651856006,2026-02-17T18:17:26-05:00
greenhouse,astranis,Propulsion Engineer Intern (Summer 2026),San Francisco,https://job-boards.greenhouse.io/astranis/jobs/4614380006,2026-02-12T19:31:55-05:00
greenhouse,astranis,Propulsion Manufacturing Intern (Summer 2026),"San Francisco, CA",https://job-boards.greenhouse.io/astranis/jobs/4647167006,2026-02-12T19:31:55-05:00
greenhouse,astranis,Radiation Effects Engineer Intern (Summer 2026),San Francisco,https://job-boards.greenhouse.io/astranis/jobs/4649397006,2026-02-12T19:31:55-05:00
greenhouse,astranis,RF Hardware Intern (Summer 2026),San Francisco,https://job-boards.greenhouse.io/astranis/jobs/4624626006,2026-02-12T19:31:55-05:00
greenhouse,astranis,Supply Chain Intern (Spring 2026),San Francisco,https://job-boards.greenhouse.io/astranis/jobs/4597882006,2026-02-12T19:31:55-05:00
greenhouse,astranis,Testbed Infrastructure Intern 2026 (Summer 2026),"San Francisco, CA",https://job-boards.greenhouse.io/astranis/jobs/4643730006,2026-02-12T19:31:55-05:00
greenhouse,astranis,Thermal Engineer Intern (Summer 2026),San Francisco,https://job-boards.greenhouse.io/astranis/jobs/4604267006,2026-02-12T19:31:55-05:00
greenhouse,capellaspace,Flight Software Engineering Intern,"San Francisco, CA",https://www.capellaspace.com/company/apply?gh_jid=5735295004,2026-02-17T13:04:00-05:00
greenhouse,capellaspace,Flight Software Engineering Intern,"Louisville, CO ",https://www.capellaspace.com/company/apply?gh_jid=5737184004,2026-02-17T13:04:00-05:00
greenhouse,redwoodmaterials,Backend Engineering Intern,"McCarran, NV",https://boards.greenhouse.io/redwoodmaterials/jobs/5792229004?gh_jid=5792229004,2026-02-13T16:04:53-05:00
greenhouse,redwoodmaterials,Chemical Engineering Intern,"Carson City, NV; McCarran, NV",https://boards.greenhouse.io/redwoodmaterials/jobs/5790740004?gh_jid=5790740004,2026-02-13T16:04:49-05:00
greenhouse,redwoodmaterials,Controls Engineering Intern,"McCarran, NV",https://boards.greenhouse.io/redwoodmaterials/jobs/5798038004?gh_jid=5798038004,2026-02-13T16:04:48-05:00
greenhouse,redwoodmaterials,Electrical Engineering Intern,"McCarran, NV",https://boards.greenhouse.io/redwoodmaterials/jobs/5763829004?gh_jid=5763829004,2026-02-13T16:04:32-05:00
greenhouse,redwoodmaterials,Industrial Engineering Intern,"McCarran, NV",https://boards.greenhouse.io/redwoodmaterials/jobs/5763676004?gh_jid=5763676004,2026-02-13T16:04:31-05:00
greenhouse,redwoodmaterials,Mechanical Design Engineering Intern,"San Francisco, California, United States",https://boards.greenhouse.io/redwoodmaterials/jobs/5796854004?gh_jid=5796854004,2026-02-13T16:04:46-05:00
greenhouse,redwoodmaterials,Systems Modeling Intern,"McCarran, NV",https://boards.greenhouse.io/redwoodmaterials/jobs/5798152004?gh_jid=5798152004,2026-02-13T16:04:54-05:00
greenhouse,redwoodmaterials,Test Engineering Intern,"San Francisco, California, United States",https://boards.greenhouse.io/redwoodmaterials/jobs/5789872004?gh_jid=5789872004,2026-02-13T16:04:45-05:00
greenhouse,rubrik,"Customer Success Engineering Internship, Summer 2026","Morrisville, NC",https://www.rubrik.com/company/careers/departments/job.7542911?gh_jid=7542911,2026-02-09T12:23:48-05:00
greenhouse,twitch,Graduate Data Science Intern,"San Francisco, CA",https://job-boards.greenhouse.io/twitch/jobs/8221777002,2026-01-13T13:21:49-05:00
greenhouse,twitch,Undergrad Security Engineering Intern,"San Francisco, CA",https://job-boards.greenhouse.io/twitch/jobs/8216024002,2026-01-13T13:21:49-05:00
greenhouse,twitch,Undergrad Software Engineering Intern,"San Francisco, CA",https://job-boards.greenhouse.io/twitch/jobs/8174019002,2026-01-13T13:21:49-05:00
greenhouse,pinterest,Machine Learning Intern Fall 2026 (Toronto),"Toronto, ON, CA",https://www.pinterestcareers.com/jobs/?gh_jid=7268778,2026-02-11T14:38:36-05:00
greenhouse,pinterest,Master's Machine Learning Internship Summer Term 2026 (Toronto),"Toronto, ON, CA",https://www.pinterestcareers.com/jobs/?gh_jid=7268767,2026-02-11T14:38:36-05:00
greenhouse,pinterest,PhD Machine Learning Internship 2026 (USA) ,"San Francisco, CA, US; Palo Alto, CA, US; Seattle, WA, US; New York, NY, US",https://www.pinterestcareers.com/jobs/?gh_jid=7211004,2026-02-11T14:38:36-05:00
greenhouse,pinterest,Software Engineering Intern 2026 (Mexico City),"Mexico City, MX",https://www.pinterestcareers.com/jobs/?gh_jid=7263499,2026-02-11T14:38:36-05:00
greenhouse,spacex,International Infrastructure Operations Specialist (Starlink),"Redmond, WA",https://boards.greenhouse.io/spacex/jobs/8381871002?gh_jid=8381871002,2026-02-12T14:35:31-05:00
greenhouse,spacex,Summer 2026 Engineering Internship/Co-op,Flexible - Any SpaceX Site,https://boards.greenhouse.io/spacex/jobs/8149124002?gh_jid=8149124002,2026-02-12T14:35:31-05:00
greenhouse,spacex,Summer 2026 Silicon Hardware Engineering Internship/Co-op,Flexible - Any SpaceX Site,https://boards.greenhouse.io/spacex/jobs/8190526002?gh_jid=8190526002,2026-02-12T14:35:31-05:00
greenhouse,spacex,Summer 2026 Software Engineering Internship/Co-op,Flexible - Any SpaceX Site,https://boards.greenhouse.io/spacex/jobs/8149154002?gh_jid=8149154002,2026-02-12T14:35:31-05:00
